user_96,Classical,0.6
user_30,Classical,0.6666666666666666
user_33,Classical,0.6
user_81,Jazz,0.5454545454545454
user_39,Hip-Hop,0.8
user_52,Classical,0.5555555555555556
user_75,Jazz,0.75
user_28,Classical,0.6666666666666666
user_68,Classical,0.625
